	sequence	vegetation inliers with inference	total time with inference	vegetation inliers without inference	total time without inference
0	046	33501	36.8562970161438	30563	15.670233488082886
1	027	3351	37.36776947975159	5690	15.101978540420532
2	013	14108	32.2702374458313	4626	10.386914253234863
3	029	5541	43.42935276031494	8678	19.973979234695435
